"title","link"
"Scale your sales with data driven creatives | Hikari Senju ...","https://www.youtube.com/watch?v=D5_HN7OPx1I"
"Hikari Senju: Using AI to Optimize Digital Marketing Campaigns","https://www.youtube.com/watch?v=Mu9gW2m287w"
"AI That Serves: How Hikari Senju Brings Humanity Back to ...","https://www.youtube.com/watch?v=qaqAyZ0hOCU"
"The Story of Hikari Senju's Legacy Blueprint: Bettering Humanity","https://www.youtube.com/watch?v=rUAjMIUwHxc"
"The Future of Advertising: How Hikari Senju Uses AI to Drive ...","https://www.youtube.com/watch?v=id_DU2R2Ld0"
"AI is Revolutionizing Digital Advertising | Hikari Senju, CEO of ...","https://www.youtube.com/watch?v=hBjuFpIbHXY"
"Serial Entrepreneurial experience with Hikari Senju","https://www.youtube.com/watch?v=sQM6Ye8OA0o"
"Creating and Nurturing High Performance Teams with Hikari ...","https://www.youtube.com/watch?v=x8rKLHvwFrU"
"The Realities of Startups, Pitching & AI's Next Wave with Hikari ...","https://www.youtube.com/watch?v=zZSbdBddcMk"
"The Future of Online Advertising with Hikari Senju of Omneky","https://www.youtube.com/watch?v=Mr5Mqg3jkY0"
"Learn about How ML is Reshaping The Advertising Industry ...","https://www.youtube.com/watch?v=Y5S5GJiyva0"
"The Future of Advertising (with Hikari Senju of Omneky) -Ep ...","https://www.youtube.com/watch?v=eF7PV6lQu08"
"Ep32: Maximize Performance with AI-Powered Ads ; w/ Hikari ...","https://www.youtube.com/watch?v=ZCOAp0Fv7Go"
"How Generative AI is Enhancing The Creative Process with ...","https://www.youtube.com/watch?v=n_Y-rWtBIWw"
"Hikari Senju, Omneky: $10M Raised to Empower Brands With ...","https://www.youtube.com/watch?v=-j5W8ItVAZM"
"From Harvard Hackathon to Silicon Valley with Omneky ...","https://www.youtube.com/watch?v=qmd-8h2ugOs"
"Inside Quickhelp's Deliberate Approach to Scaling with Co ...","https://www.youtube.com/watch?v=MR0J1vG38kA"
"Episode 354: Building AI-Powered Companies Through ...","https://www.youtube.com/watch?v=0LWyowvGvVA"
"#372 – How Hikari Senju built a hockey stick by preparing for ...","https://www.youtube.com/watch?v=vKXGaN-d6ro"
"Founders Journey","https://www.youtube.com/watch?v=aWdaAysETmU"
"AI Marketing Revolution Transforms Digital Advertising ...","https://www.youtube.com/watch?v=M0vsOOap-FA"
"Welcome to the Honest Marketing Podcast!","https://www.youtube.com/watch?v=ax6lPAvdowU"
"Navigating Obstacles and Building High-Performing Teams ...","https://www.youtube.com/watch?v=TcunqcIGhUU"
"The Impact of Generative AI on the Advertising Industry - ML 168","https://www.youtube.com/watch?v=FPu9-TTGYRg"
"Kevin Yang - Co-Creation Between Citizens and the ...","https://www.youtube.com/watch?v=x4NyI4Sxo6s"
"Andrei Marin and Alex Melone: How to Craft Emails That ...","https://www.youtube.com/watch?v=G3UMvSspaz4"
"Itsuka Mita Hikari","https://www.youtube.com/watch?v=zwYc6bBsTlk"
"Omneky Live Platform Demo","https://www.youtube.com/watch?v=jiwOtxjVVeE"
"Generate Personalized Ads at Scale With Omneky","https://www.youtube.com/watch?v=TLGwUMQ3ZW4"
"How To Supercharge Your Career in Design with Mindaugas ...","https://www.youtube.com/watch?v=a6aLLqEtR0k"
"Hikari","https://www.youtube.com/watch?v=IhCtyzjtYSA"
"AI For Marketers #23","https://www.youtube.com/watch?v=l9Gw8ZxHgI8"
"10x Growth in 30 Days: Omneky's AI Ad Engine Is Changing ...","https://www.youtube.com/watch?v=aXm5a2C1AyY"
"Hikari","https://www.youtube.com/watch?v=sDZQQ7fmPcc"
"The Future of Marketing Automation","https://www.youtube.com/watch?v=idjj29EgZ6A"
"Omneky Workshop with AI Exchange","https://www.youtube.com/watch?v=K8wiHP6Rrz0"
"Is Generative AI the Game Changer That Advertising Has ...","https://www.youtube.com/watch?v=zYOH_W_UX7I"
"AI Keynote Speaker | Susan Sly – Tech Founder, AI Strategist ...","https://www.youtube.com/watch?v=2ekg9-HvEBo"
"Quintus Willemse about the value of the Tribe for him","https://www.youtube.com/watch?v=daEQL74JRVo"
"EP 109 6 steps to increasing the multiplier of your business ...","https://www.youtube.com/watch?v=yVTaUkh89Qg"
"Navigating Platform Bloat and the Rise of Agentic Buyers ...","https://www.youtube.com/watch?v=gfCijalQ4nw"
"Interview with Dennis Kelly - Why Your Business Should Start ...","https://www.youtube.com/watch?v=tpAC_aedrjY"
"Authenticity in the Age of AI: David Calderwood's Cross ...","https://www.youtube.com/watch?v=bu2M5Ud_WWQ"
"Deal making starts earlier than you think with Nahed Khairallah","https://www.youtube.com/watch?v=7GxFT342Bl0"
"DealQuest Podcast: The Power of Relationships in Sales and ...","https://www.youtube.com/watch?v=Kih89FDqCZ4"
"Alkira's Multi-Cloud NaaS Bridges Networking and Security ...","https://www.youtube.com/watch?v=ZQTzpxkjkkE"
"The Future of Headless CMS & DXM | Crown Peak Insights ...","https://www.youtube.com/watch?v=h_Rj3szEfss"
"Designers with agency with Rahul Gonsalves","https://www.youtube.com/watch?v=noXmyweWbMk"
"DANGEROUS MISINFORMATION - with Nikolas Badminton ...","https://www.youtube.com/watch?v=HDlaoA-jXOE"
"HRO Hotspot: Meet Drew McGuire, CEO and Co-Owner ...","https://www.youtube.com/watch?v=sGX78yUuB_k"
"Hashirama Senju's True Power Explained!","https://www.youtube.com/watch?v=eAq0Bk43Ztg"